Rank by Integral,Energy (eV),Rank by Energy,TOF (us),Integral,Peak Width,Rank by Peak Width,Peak Height,Rank by Peak Height,Relevant Isotope
0,300000.0,(4),3.09606,117812000.0,1487480.0,(0),5.04255,(0),none
1,12.7293,(1),475.3,17349.1,10.9932,(2),2.75803,(3),none
2,1.82038,(0),1256.87,7841.27,5.52302,(3),3.37201,(2),none
3,49.2969,(2),241.524,1764.56,33.1506,(1),2.51389,(4),none
4,50.0,(3),239.82,3.15579,0.0439,(4),2.51282,(5),none
