Rank by Integral,Energy (eV),Rank by Energy,TOF (us),Integral,Peak Width,Rank by Peak Width,Peak Height,Rank by Peak Height,Relevant Isotope
0,107.259,(7),159.542,64172.1,42.982,(0),0.172589,(6),none
1,75.8527,(6),189.717,18981.3,15.4839,(3),0.614343,(5),none
2,10.3111,(1),514.563,11320.6,7.8521,(5),1.32849,(3),none
3,55.59,(5),221.612,10644.2,24.8878,(1),0.131324,(8),none
4,3.05012,(0),946.089,7777.14,6.40361,(6),1.56374,(2),none
5,36.9781,(4),271.718,6795.91,17.8901,(2),0.15437,(7),none
6,24.1135,(3),336.481,6421.7,8.4203,(4),0.708666,(4),none
7,16.9943,(2),400.81,5832.28,4.7021,(7),3.27577,(1),none
8,131.473,(8),144.103,1201.68,3.0,(8),6.95374,(0),none
