Rank by Integral,Energy (eV),Rank by Energy,TOF (us),Integral,Peak Width,Rank by Peak Width,Peak Height,Rank by Peak Height,Relevant Isotope
0,400000.0,(5),2.61253,15757900.0,999800.0,(0),0.4807,(4),none
1,8.21613,(0),576.444,562439.0,9.11007,(3),1.30591,(2),none
2,102.749,(3),163.005,191618.0,160.905,(1),0.0120989,(5),none
3,12.1875,(1),473.297,69356.2,12.7816,(2),0.949957,(3),none
4,25.7736,(2),325.464,26531.6,4.6627,(4),6.26245,(1),none
5,189.711,(4),119.962,677.574,1.91,(5),18.3522,(0),none
