Rank by Integral,Energy (eV),Rank by Energy,TOF (us),Integral,Peak Width,Rank by Peak Width,Peak Height,Rank by Peak Height,Relevant Isotope
0,9106280.0,(4),0.561952,724716.0,5125000.0,(0),4.95583,(3),none
1,8.62728,(0),577.342,581601.0,9.11007,(3),7.44777,(1),none
2,182.754,(3),125.44,450997.0,160.92,(1),1.91552,(4),none
3,16.9141,(1),412.33,96689.1,12.7816,(2),5.368,(2),none
4,26.0964,(2),331.955,36121.3,4.6627,(4),19.0295,(0),none
